{"successful_requests": 100, "slowest": 0.3211357659993155, "fastest": 0.17479550000007293, "total_time": 2.3335378410001795, "requests_per_minute": 2571, "requests_per_second": 43}